subjectNumber,Condition,AGE,TRAIT_DOM,HEIGHT,WEIGHT,BODY_FAT,GRIP_STRENGTH,CHEST_STRENGTH,DOM_IPIP,FACECON,Face_Data_Set,Morph_type,DOM_RATING,MEM,COM
1,1,18,13,171.75,66.45,14.5,72.5,80,30,1,1,1,3.9,.6,5
1,1,18,13,171.75,66.45,14.5,72.5,80,30,2,1,2,4.2,.4,5.5
1,1,18,13,171.75,66.45,14.5,72.5,80,30,3,2,1,4.1,.6,3.67
1,1,18,13,171.75,66.45,14.5,72.5,80,30,4,2,2,5,.8,4.5
2,1,19,14,172,81.06,17.7,90,85,28,1,1,1,1.7,.6,5.33
2,1,19,14,172,81.06,17.7,90,85,28,2,1,2,1.5,.4,6.25
2,1,19,14,172,81.06,17.7,90,85,28,3,2,1,1.9,.5,4.6
2,1,19,14,172,81.06,17.7,90,85,28,4,2,2,1.7,.6,6
3,1,18,16,175.2,68.63,17.1,83.5,75,21,1,1,1,3.5,.8,8
3,1,18,16,175.2,68.63,17.1,83.5,75,21,2,1,2,3.4,.9,9.33
3,1,18,16,175.2,68.63,17.1,83.5,75,21,3,2,1,2.7,.8,8.38
3,1,18,16,175.2,68.63,17.1,83.5,75,21,4,2,2,3.5,.6,5.33
4,1,18,11,179,87.36,19.9,112,85,29,1,1,1,3.2,.9,6
4,1,18,11,179,87.36,19.9,112,85,29,2,1,2,4.7,.1,6
4,1,18,11,179,87.36,19.9,112,85,29,3,2,1,2.8,.5,6
4,1,18,11,179,87.36,19.9,112,85,29,4,2,2,2.9,.5,5.8
5,1,20,22,180.75,67.18,10.6,130,120,43,1,1,1,3.7,.4,4
5,1,20,22,180.75,67.18,10.6,130,120,43,2,1,2,4.1,.8,5
5,1,20,22,180.75,67.18,10.6,130,120,43,3,2,1,4.7,.8,4.25
5,1,20,22,180.75,67.18,10.6,130,120,43,4,2,2,2,.8,4.63
8,1,18,12,171.4,86.23,28.4,90,39,29,1,1,1,4.2,.6,4.33
8,1,18,12,171.4,86.23,28.4,90,39,29,2,1,2,3.9,.3,4.33
8,1,18,12,171.4,86.23,28.4,90,39,29,3,2,1,3.3,.6,4
8,1,18,12,171.4,86.23,28.4,90,39,29,4,2,2,4.3,.4,4.5
9,1,20,19,184.25,69.17,11.15,83.5,55,44,1,1,1,3.4,.8,5
9,1,20,19,184.25,69.17,11.15,83.5,55,44,2,1,2,3,.4,5.25
9,1,20,19,184.25,69.17,11.15,83.5,55,44,3,2,1,3.9,.8,5.38
9,1,20,19,184.25,69.17,11.15,83.5,55,44,4,2,2,2.8,.8,4.75
10,1,22,17,179.85,85.64,20,115,120,38,1,1,1,3.5,.5,5.2
10,1,22,17,179.85,85.64,20,115,120,38,2,1,2,4.4,.8,7.5
10,1,22,17,179.85,85.64,20,115,120,38,3,2,1,3,.5,7.4
10,1,22,17,179.85,85.64,20,115,120,38,4,2,2,3.7,.3,7.67
11,1,18,13,171,63,13.45,50,50,36,1,1,1,4.1,.8,3.88
11,1,18,13,171,63,13.45,50,50,36,2,1,2,4.5,.5,3.2
11,1,18,13,171,63,13.45,50,50,36,3,2,1,3.7,.3,3.33
11,1,18,13,171,63,13.45,50,50,36,4,2,2,3.9,.6,5
12,1,18,24,182.5,79.61,17,185,85,48,1,1,1,2.3,.4,9
12,1,18,24,182.5,79.61,17,185,85,48,2,1,2,1,.7,8.86
12,1,18,24,182.5,79.61,17,185,85,48,3,2,1,1.7,.7,7.71
12,1,18,24,182.5,79.61,17,185,85,48,4,2,2,2.9,.4,6.25
16,1,19,11,183.35,72.53,14.55,92.5,55,27,1,1,1,3.9,.4,4.5
16,1,19,11,183.35,72.53,14.55,92.5,55,27,2,1,2,4.3,.8,5.75
16,1,19,11,183.35,72.53,14.55,92.5,55,27,3,2,1,4.3,.7,5
16,1,19,11,183.35,72.53,14.55,92.5,55,27,4,2,2,4.5,.8,7.13
17,1,19,10,185,73.19,8.75,85,67.5,29,1,1,1,2.6,.7,5.71
17,1,19,10,185,73.19,8.75,85,67.5,29,2,1,2,4.5,.7,4.71
17,1,19,10,185,73.19,8.75,85,67.5,29,3,2,1,2.7,.8,5.5
17,1,19,10,185,73.19,8.75,85,67.5,29,4,2,2,4.4,.7,5.43
18,1,20,10,181.95,74.25,13.35,115,80,26,1,1,1,3.4,.6,5
18,1,20,10,181.95,74.25,13.35,115,80,26,2,1,2,3.5,.4,6
18,1,20,10,181.95,74.25,13.35,115,80,26,3,2,1,2.8,.8,6
18,1,20,10,181.95,74.25,13.35,115,80,26,4,2,2,3.6,.7,6.29
19,1,19,10,181.6,92.08,25.75,87.5,80,34,1,1,1,4.6,.5,3.8
19,1,19,10,181.6,92.08,25.75,87.5,80,34,2,1,2,3.9,.8,7.13
19,1,19,10,181.6,92.08,25.75,87.5,80,34,3,2,1,3.7,.6,6.33
19,1,19,10,181.6,92.08,25.75,87.5,80,34,4,2,2,3.6,.5,7.2
20,1,21,6,171.75,73.94,18.6,89.5,80,15,1,1,1,4.1,.8,3.63
20,1,21,6,171.75,73.94,18.6,89.5,80,15,2,1,2,4.5,.5,4.4
20,1,21,6,171.75,73.94,18.6,89.5,80,15,3,2,1,3.8,.5,4
20,1,21,6,171.75,73.94,18.6,89.5,80,15,4,2,2,3.9,.6,4.67
21,1,19,8,177.45,62.32,9.85,73,66.5,35,1,1,1,4.1,.4,6.25
21,1,19,8,177.45,62.32,9.85,73,66.5,35,2,1,2,3.5,.7,7.71
21,1,19,8,177.45,62.32,9.85,73,66.5,35,3,2,1,3.6,.6,5
21,1,19,8,177.45,62.32,9.85,73,66.5,35,4,2,2,3.9,.3,7
22,1,19,14,176.1,75.98,16.95,110,85,35,1,1,1,1.9,.5,10
22,1,19,14,176.1,75.98,16.95,110,85,35,2,1,2,3.6,.4,7
22,1,19,14,176.1,75.98,16.95,110,85,35,3,2,1,1.6,.6,7
22,1,19,14,176.1,75.98,16.95,110,85,35,4,2,2,2.6,.6,5.17
23,1,20,20,179,68.04,11,91,78.5,44,1,1,1,2.5,.7,9.43
23,1,20,20,179,68.04,11,91,78.5,44,2,1,2,3.2,.6,6.83
23,1,20,20,179,68.04,11,91,78.5,44,3,2,1,3.2,.8,8.13
23,1,20,20,179,68.04,11,91,78.5,44,4,2,2,4.4,.6,8.17
24,1,22,14,172,55.79,10.55,75,61.5,30,1,1,1,3.3,.8,4.5
24,1,22,14,172,55.79,10.55,75,61.5,30,2,1,2,3.9,.8,3.63
24,1,22,14,172,55.79,10.55,75,61.5,30,3,2,1,3.4,.5,3.8
24,1,22,14,172,55.79,10.55,75,61.5,30,4,2,2,3,.6,4.33
25,1,20,16,171,60.51,9.25,73.5,60,40,1,1,1,2.3,.6,7.33
25,1,20,16,171,60.51,9.25,73.5,60,40,2,1,2,4.1,.6,3.33
25,1,20,16,171,60.51,9.25,73.5,60,40,3,2,1,4.2,.7,5.29
25,1,20,16,171,60.51,9.25,73.5,60,40,4,2,2,4.6,.3,7.67
26,1,22,17,172.5,65.73,14.1,95,65,24,1,1,1,3.3,.8,3.75
26,1,22,17,172.5,65.73,14.1,95,65,24,2,1,2,4,.7,5.29
26,1,22,17,172.5,65.73,14.1,95,65,24,3,2,1,3.3,.7,5.29
26,1,22,17,172.5,65.73,14.1,95,65,24,4,2,2,3.4,.6,5.17
27,1,19,10,166.05,66.77,13.45,96,85,30,1,1,1,3.8,.5,4.4
27,1,19,10,166.05,66.77,13.45,96,85,30,2,1,2,4.7,.3,6
27,1,19,10,166.05,66.77,13.45,96,85,30,3,2,1,3.4,.7,4.57
27,1,19,10,166.05,66.77,13.45,96,85,30,4,2,2,3.5,.5,3.2
28,1,20,14,168.75,55.61,8.1,65,58.75,31,1,1,1,3.6,.4,6.75
28,1,20,14,168.75,55.61,8.1,65,58.75,31,2,1,2,4.3,.6,6
28,1,20,14,168.75,55.61,8.1,65,58.75,31,3,2,1,3.4,.4,5
28,1,20,14,168.75,55.61,8.1,65,58.75,31,4,2,2,4.9,.5,4
29,1,19,16,171.5,87,27.05,96,82.25,29,1,1,1,3,.6,7
29,1,19,16,171.5,87,27.05,96,82.25,29,2,1,2,3.5,.6,7.67
29,1,19,16,171.5,87,27.05,96,82.25,29,3,2,1,1.8,.6,8.67
29,1,19,16,171.5,87,27.05,96,82.25,29,4,2,2,2.9,.4,10
30,1,18,15,172.1,57.18,7.95,52.5,52.5,31,1,1,1,3,.8,5.5
30,1,18,15,172.1,57.18,7.95,52.5,52.5,31,2,1,2,3.1,.6,5.33
30,1,18,15,172.1,57.18,7.95,52.5,52.5,31,3,2,1,3.1,.6,5.17
30,1,18,15,172.1,57.18,7.95,52.5,52.5,31,4,2,2,3.2,.4,5.75
31,1,18,6,178.5,82.96,18.9,117.5,67.5,25,1,1,1,4.4,.4,5
31,1,18,6,178.5,82.96,18.9,117.5,67.5,25,2,1,2,3.5,.8,5
31,1,18,6,178.5,82.96,18.9,117.5,67.5,25,3,2,1,3.9,.5,5.8
31,1,18,6,178.5,82.96,18.9,117.5,67.5,25,4,2,2,3.8,.6,7.17
32,1,18,18,186.85,91.35,17.95,72.5,50,43,1,1,1,4.6,.2,4.5
32,1,18,18,186.85,91.35,17.95,72.5,50,43,2,1,2,5,.4,6
32,1,18,18,186.85,91.35,17.95,72.5,50,43,3,2,1,3,.5,8.4
32,1,18,18,186.85,91.35,17.95,72.5,50,43,4,2,2,3.6,.5,7.8
33,1,26,7,170.9,74.62,18.3,75,54,23,1,1,1,3.8,.2,5
33,1,26,7,170.9,74.62,18.3,75,54,23,2,1,2,3.9,.7,2.86
33,1,26,7,170.9,74.62,18.3,75,54,23,3,2,1,3.2,.6,4.83
33,1,26,7,170.9,74.62,18.3,75,54,23,4,2,2,3.5,.6,4.33
34,1,21,19,194.75,82.83,11.35,100,67.5,36,1,1,1,4.6,.7,6.86
34,1,21,19,194.75,82.83,11.35,100,67.5,36,2,1,2,6.1,.7,6.57
34,1,21,19,194.75,82.83,11.35,100,67.5,36,3,2,1,3.1,.5,7.8
34,1,21,19,194.75,82.83,11.35,100,67.5,36,4,2,2,5.5,.6,6.33
35,1,19,17,179.95,81.56,16.8,110,145,36,1,1,1,3.5,.5,5.6
35,1,19,17,179.95,81.56,16.8,110,145,36,2,1,2,4.4,.6,4.83
35,1,19,17,179.95,81.56,16.8,110,145,36,3,2,1,2.8,.5,4.8
35,1,19,17,179.95,81.56,16.8,110,145,36,4,2,2,4.7,.6,4.17
36,1,19,20,174.25,74.03,18.15,72.5,43.75,30,1,1,1,3.8,.7,6.14
36,1,19,20,174.25,74.03,18.15,72.5,43.75,30,2,1,2,4,.5,5.6
36,1,19,20,174.25,74.03,18.15,72.5,43.75,30,3,2,1,3,.6,6.33
36,1,19,20,174.25,74.03,18.15,72.5,43.75,30,4,2,2,3.5,.8,5.25
37,1,24,10,166.5,74.84,20.3,72.5,46.5,24,1,1,1,3.2,.6,5.33
37,1,24,10,166.5,74.84,20.3,72.5,46.5,24,2,1,2,3.1,.6,2.83
37,1,24,10,166.5,74.84,20.3,72.5,46.5,24,3,2,1,4.3,.4,5.5
37,1,24,10,166.5,74.84,20.3,72.5,46.5,24,4,2,2,4,.8,4.25
38,1,18,10,163,58.6,12.8,92.5,110,29,1,1,1,4.1,.8,2.88
38,1,18,10,163,58.6,12.8,92.5,110,29,2,1,2,5,.6,2.5
38,1,18,10,163,58.6,12.8,92.5,110,29,3,2,1,3.1,.5,2.4
38,1,18,10,163,58.6,12.8,92.5,110,29,4,2,2,4.3,.7,4.29
39,1,18,8,177,72.12,15,92.5,72.5,28,1,1,1,3.5,.6,4.83
39,1,18,8,177,72.12,15,92.5,72.5,28,2,1,2,4.3,.5,5.6
39,1,18,8,177,72.12,15,92.5,72.5,28,3,2,1,3.9,.7,4.57
39,1,18,8,177,72.12,15,92.5,72.5,28,4,2,2,3.8,.4,2.5
40,1,20,10,174,81.47,19.35,135,104,29,1,1,1,4.2,.5,5.6
40,1,20,10,174,81.47,19.35,135,104,29,2,1,2,4,.6,5.33
40,1,20,10,174,81.47,19.35,135,104,29,3,2,1,3.8,.3,4.67
40,1,20,10,174,81.47,19.35,135,104,29,4,2,2,4.3,.6,4.83
41,1,20,15,170.65,72.35,19.25,53,47.5,36,1,1,1,4,.7,4.43
41,1,20,15,170.65,72.35,19.25,53,47.5,36,2,1,2,4,.3,5.33
41,1,20,15,170.65,72.35,19.25,53,47.5,36,3,2,1,3.8,.6,4.83
41,1,20,15,170.65,72.35,19.25,53,47.5,36,4,2,2,4.3,.3,4.33
42,1,19,18,167.65,71.71,18.7,71,40,36,1,1,1,4.1,.7,8.71
42,1,19,18,167.65,71.71,18.7,71,40,36,2,1,2,3.4,.4,9
42,1,19,18,167.65,71.71,18.7,71,40,36,3,2,1,3.4,.7,8.29
42,1,19,18,167.65,71.71,18.7,71,40,36,4,2,2,4.3,.8,8.25
43,1,21,7,179,78.52,20.25,102.5,54,32,1,1,1,3.8,.6,8.67
43,1,21,7,179,78.52,20.25,102.5,54,32,2,1,2,4.5,.6,6.17
43,1,21,7,179,78.52,20.25,102.5,54,32,3,2,1,3.6,.6,8
43,1,21,7,179,78.52,20.25,102.5,54,32,4,2,2,3.8,.5,9.2
44,1,21,7,180.75,61.05,7.7,80,47.5,27,1,1,1,4.1,.7,5.71
44,1,21,7,180.75,61.05,7.7,80,47.5,27,2,1,2,4.5,.5,6.2
44,1,21,7,180.75,61.05,7.7,80,47.5,27,3,2,1,3.8,.6,6
44,1,21,7,180.75,61.05,7.7,80,47.5,27,4,2,2,4.5,.5,5.4
45,1,21,18,177.25,77.02,16.65,70,80,39,1,1,1,2.9,.6,6.33
45,1,21,18,177.25,77.02,16.65,70,80,39,2,1,2,3.7,.7,9.43
45,1,21,18,177.25,77.02,16.65,70,80,39,3,2,1,2.2,.5,8.8
45,1,21,18,177.25,77.02,16.65,70,80,39,4,2,2,3.1,.6,6.33
46,1,19,10,176.65,72.26,13.9,53.75,39,31,1,1,1,2.7,.6,4.5
46,1,19,10,176.65,72.26,13.9,53.75,39,31,2,1,2,3.5,.7,3.14
46,1,19,10,176.65,72.26,13.9,53.75,39,31,3,2,1,3.5,.8,2.63
46,1,19,10,176.65,72.26,13.9,53.75,39,31,4,2,2,3,.6,4.83
47,1,19,18,183.8,88.86,23.65,150,77.5,40,1,1,1,4.2,.6,5.67
47,1,19,18,183.8,88.86,23.65,150,77.5,40,2,1,2,3.6,.4,4
47,1,19,18,183.8,88.86,23.65,150,77.5,40,3,2,1,4.9,.7,4.29
47,1,19,18,183.8,88.86,23.65,150,77.5,40,4,2,2,4.4,.5,4.6
48,1,19,16,175.75,194.9,25.8,80,72.5,36,1,1,1,4.3,.7,8.29
48,1,19,16,175.75,194.9,25.8,80,72.5,36,2,1,2,4.6,.6,6
48,1,19,16,175.75,194.9,25.8,80,72.5,36,3,2,1,3.9,.8,6.88
48,1,19,16,175.75,194.9,25.8,80,72.5,36,4,2,2,4.5,.4,4.25
49,1,19,5,188,136.8,6.65,72.5,67.5,36,1,1,1,4.1,.5,3.8
49,1,19,5,188,136.8,6.65,72.5,67.5,36,2,1,2,4.2,.7,5.14
49,1,19,5,188,136.8,6.65,72.5,67.5,36,3,2,1,3,.2,5
49,1,19,5,188,136.8,6.65,72.5,67.5,36,4,2,2,3.6,.4,2
50,1, , ,174,60.42,11,87.5,74,27,1,1,1,4.1,1,4.6
50,1, , ,174,60.42,11,87.5,74,27,2,1,2,4.4,.5,3.6
50,1, , ,174,60.42,11,87.5,74,27,3,2,1,4.6,.6,2.5
50,1, , ,174,60.42,11,87.5,74,27,4,2,2,4.3,.8,4.13
51,1,24,14,174,60.42,11,87.5,74,27,1,1,1,3.3,.6,4.33
51,1,24,14,174,60.42,11,87.5,74,27,2,1,2,3.3,.5,4.2
51,1,24,14,174,60.42,11,87.5,74,27,3,2,1,3,.7,3.57
51,1,24,14,174,60.42,11,87.5,74,27,4,2,2,3.4,.5,4.4
52,1,20,25,173.25,64.32,15.35,67.5,45,42,1,1,1,4.5,.5,5.4
52,1,20,25,173.25,64.32,15.35,67.5,45,42,2,1,2,5.2,.6,5.5
52,1,20,25,173.25,64.32,15.35,67.5,45,42,3,2,1,4.2,.4,6.75
52,1,20,25,173.25,64.32,15.35,67.5,45,42,4,2,2,4.5,.8,6.25
53,1,19,11,179.75,159.8,14.1,100,56.25,28,1,1,1,3.3,.7,6.57
53,1,19,11,179.75,159.8,14.1,100,56.25,28,2,1,2,3,.5,6.4
53,1,19,11,179.75,159.8,14.1,100,56.25,28,3,2,1,3.1,.5,5.6
53,1,19,11,179.75,159.8,14.1,100,56.25,28,4,2,2,2.3,.6,6.67
501,2,22,16,177.75,78.4545454545454,15.2,155,70,36,1,1,1,5.4,.5,4.4
501,2,22,16,177.75,78.4545454545454,15.2,155,70,36,2,1,2,4.4,.6,4.17
501,2,22,16,177.75,78.4545454545454,15.2,155,70,36,3,2,1,4,.3,5
501,2,22,16,177.75,78.4545454545454,15.2,155,70,36,4,2,2,4.5,.6,4.33
502,2,19,15,176,58.5909090909091,10.75,78,47.5,40,1,1,1,4.5,.4,8.25
502,2,19,15,176,58.5909090909091,10.75,78,47.5,40,2,1,2,4.7,.4,7.5
502,2,19,15,176,58.5909090909091,10.75,78,47.5,40,3,2,1,5.2,.3,7.67
502,2,19,15,176,58.5909090909091,10.75,78,47.5,40,4,2,2,5.4,.5,5.8
503,2,22,10,174.25,73.9545454545454,19.7,200,80,29,1,1,1,3.4,.4,4.5
503,2,22,10,174.25,73.9545454545454,19.7,200,80,29,2,1,2,4.5,.6,6.5
503,2,22,10,174.25,73.9545454545454,19.7,200,80,29,3,2,1,2.9,.4,5.75
503,2,22,10,174.25,73.9545454545454,19.7,200,80,29,4,2,2,4.6,.6,6.67
504,2,19,17,173.9,65.2727272727273,14.05,88.75,60,34,1,1,1,3.7,.6,8.67
504,2,19,17,173.9,65.2727272727273,14.05,88.75,60,34,2,1,2,4.1,.7,8.86
504,2,19,17,173.9,65.2727272727273,14.05,88.75,60,34,3,2,1,3.6,.7,8.86
504,2,19,17,173.9,65.2727272727273,14.05,88.75,60,34,4,2,2,3.3,.3,8.67
505,2,19,10,171.85,70.9090909090909,14.6,70,45,26,1,1,1,3.3,.5,9.2
505,2,19,10,171.85,70.9090909090909,14.6,70,45,26,2,1,2,3.8,.3,10
505,2,19,10,171.85,70.9090909090909,14.6,70,45,26,3,2,1,3.3,.3,8.33
505,2,19,10,171.85,70.9090909090909,14.6,70,45,26,4,2,2,3.3,.5,10
506,2,19,8,169.5,66.4545454545454,16.2,62.5,52.5,25,1,1,1,3.6,.5,5.8
506,2,19,8,169.5,66.4545454545454,16.2,62.5,52.5,25,2,1,2,3.5,.6,4.5
506,2,19,8,169.5,66.4545454545454,16.2,62.5,52.5,25,3,2,1,2.6,.8,5.25
506,2,19,8,169.5,66.4545454545454,16.2,62.5,52.5,25,4,2,2,3.3,.7,5.86
507,2,19,16,177,55.9545454545454, ,85,55,36,1,1,1,4.8,.2,3.5
507,2,19,16,177,55.9545454545454, ,85,55,36,2,1,2,5.5,.5,6.2
507,2,19,16,177,55.9545454545454, ,85,55,36,3,2,1,4.4,.8,6.63
507,2,19,16,177,55.9545454545454, ,85,55,36,4,2,2,4.9,.5,6
508,2,23,16,167.25,55.1363636363636,10,90,87.5,34,1,1,1,3.9,.6,5.67
508,2,23,16,167.25,55.1363636363636,10,90,87.5,34,2,1,2,4.3,.5,4.4
508,2,23,16,167.25,55.1363636363636,10,90,87.5,34,3,2,1,3.4,.4,5
508,2,23,16,167.25,55.1363636363636,10,90,87.5,34,4,2,2,4.3,.9,5.89
509,2,20,10,178.5,66.7727272727273,10.75,95,80,38,1,1,1,4.6,.7,6.57
509,2,20,10,178.5,66.7727272727273,10.75,95,80,38,2,1,2,5.4,.5,6.4
509,2,20,10,178.5,66.7727272727273,10.75,95,80,38,3,2,1,3.5,.5,6.6
509,2,20,10,178.5,66.7727272727273,10.75,95,80,38,4,2,2,5.4,.4,8.75
510,2,20,13,178,68.2272727272727,16.3,82.5,60,30,1,1,1,4.7,.6,6.17
510,2,20,13,178,68.2272727272727,16.3,82.5,60,30,2,1,2,4.1,.4,4.75
510,2,20,13,178,68.2272727272727,16.3,82.5,60,30,3,2,1,3.8,.7,6
510,2,20,13,178,68.2272727272727,16.3,82.5,60,30,4,2,2,4,.9,3.11
511,2,19,14,170,64.0909090909091,13.5,90,86.5,37,1,1,1,4.4,.4,3
511,2,19,14,170,64.0909090909091,13.5,90,86.5,37,2,1,2,4.4,.8,6.63
511,2,19,14,170,64.0909090909091,13.5,90,86.5,37,3,2,1,2.5,.7,6.57
511,2,19,14,170,64.0909090909091,13.5,90,86.5,37,4,2,2,4,.8,6.63
512,2,22,13,184.5,89.7727272727273,18.25,100,75,35,1,1,1,2.7,.4,7.75
512,2,22,13,184.5,89.7727272727273,18.25,100,75,35,2,1,2,4.1,.6,6.67
512,2,22,13,184.5,89.7727272727273,18.25,100,75,35,3,2,1,4.2,.6,7.33
512,2,22,13,184.5,89.7727272727273,18.25,100,75,35,4,2,2,4.2,.8,7.13
513,2,24,9,171.4,60.1818181818182,12.65,90,65,25,1,1,1,3.3,.6,5.5
513,2,24,9,171.4,60.1818181818182,12.65,90,65,25,2,1,2,4.1,.5,6
513,2,24,9,171.4,60.1818181818182,12.65,90,65,25,3,2,1,2.5,.5,5.8
513,2,24,9,171.4,60.1818181818182,12.65,90,65,25,4,2,2,3.4,.5,7.6
514,2,20,8,166.1,74.3636363636364,21.45,65,47.5,32,1,1,1,4.1,.7,3.43
514,2,20,8,166.1,74.3636363636364,21.45,65,47.5,32,2,1,2,3.6,.5,3
514,2,20,8,166.1,74.3636363636364,21.45,65,47.5,32,3,2,1,3.2,.6,3.67
514,2,20,8,166.1,74.3636363636364,21.45,65,47.5,32,4,2,2,3.5,.6,1.83
515,2,21,22,182.05,757.727272727273,13.1,130,135,40,1,1,1,4,.6,6.33
515,2,21,22,182.05,757.727272727273,13.1,130,135,40,2,1,2,4.5,.7,8.71
515,2,21,22,182.05,757.727272727273,13.1,130,135,40,3,2,1,3.4,.7,5.14
515,2,21,22,182.05,757.727272727273,13.1,130,135,40,4,2,2,4.3,.5,7.6
516,2,24,4,189.25,79.5454545454545,12.6,110,95,22,1,1,1,2.8,.5,7
516,2,24,4,189.25,79.5454545454545,12.6,110,95,22,2,1,2,4,.8,8.88
516,2,24,4,189.25,79.5454545454545,12.6,110,95,22,3,2,1,3.2,.7,7.86
516,2,24,4,189.25,79.5454545454545,12.6,110,95,22,4,2,2,3.9,.7,6
517,2,21,16,169.5,74.3636363636364,22.9,100,55,36,1,1,1,3.4,.6,3.83
517,2,21,16,169.5,74.3636363636364,22.9,100,55,36,2,1,2,3.7,.5,5.6
517,2,21,16,169.5,74.3636363636364,22.9,100,55,36,3,2,1,3.1,.7,4
517,2,21,16,169.5,74.3636363636364,22.9,100,55,36,4,2,2,3.4,.6,4.5
518,2,22,22,169.75,73.6818181818182,16.9,90,82.5,37,1,1,1,4.2,.3,3.33
518,2,22,22,169.75,73.6818181818182,16.9,90,82.5,37,2,1,2,5.1,.3,3.67
518,2,22,22,169.75,73.6818181818182,16.9,90,82.5,37,3,2,1,3.6,.4,4.5
518,2,22,22,169.75,73.6818181818182,16.9,90,82.5,37,4,2,2,5.1,.6,4.5
520,2,20,20,179.5,62.6363636363636,8.55,100,57.5,34,1,1,1,2.7,.6,3.83
520,2,20,20,179.5,62.6363636363636,8.55,100,57.5,34,2,1,2,3.6,.4,4.75
520,2,20,20,179.5,62.6363636363636,8.55,100,57.5,34,3,2,1,4.1,.7,6
520,2,20,20,179.5,62.6363636363636,8.55,100,57.5,34,4,2,2,4.3,.4,5.25
521,2,19,16,172.5,85.7272727272727,24.8,180,70,39,1,1,1,4,.6,7.83
521,2,19,16,172.5,85.7272727272727,24.8,180,70,39,2,1,2,4.2,.6,6.33
521,2,19,16,172.5,85.7272727272727,24.8,180,70,39,3,2,1,3.8,.9,4.89
521,2,19,16,172.5,85.7272727272727,24.8,180,70,39,4,2,2,4.6,.4,5.75
522,2,19,14,171.3,72.6818181818182,15.8,88.5,42.5,35,1,1,1,2.5,.6,8
522,2,19,14,171.3,72.6818181818182,15.8,88.5,42.5,35,2,1,2,3.3,.6,7.83
522,2,19,14,171.3,72.6818181818182,15.8,88.5,42.5,35,3,2,1,2.2,.7,4.43
522,2,19,14,171.3,72.6818181818182,15.8,88.5,42.5,35,4,2,2,2.6,.6,7.67
523,2,20,16,170.1,68.5454545454545,15,65,45,42,1,1,1,2.7,.4,5
523,2,20,16,170.1,68.5454545454545,15,65,45,42,2,1,2,4.4,.8,5.38
523,2,20,16,170.1,68.5454545454545,15,65,45,42,3,2,1,3.1,.7,5.86
523,2,20,16,170.1,68.5454545454545,15,65,45,42,4,2,2,3.2,.6,8.5
524,2,21,4,184.1,68,82,50,55,29,1,1,1,3.4,.5,5.2
524,2,21,4,184.1,68,82,50,55,29,2,1,2,4,.6,6.33
524,2,21,4,184.1,68,82,50,55,29,3,2,1,4.3,.7,8.43
524,2,21,4,184.1,68,82,50,55,29,4,2,2,4.6,.6,7.67
525,2,17,15,192.23,107.181818181818,21.25,122.5,82.5,35,1,1,1,3.9,.6,5.5
525,2,17,15,192.23,107.181818181818,21.25,122.5,82.5,35,2,1,2,4.5,.4,5.25
525,2,17,15,192.23,107.181818181818,21.25,122.5,82.5,35,3,2,1,4.2,.6,6.67
525,2,17,15,192.23,107.181818181818,21.25,122.5,82.5,35,4,2,2,4.3,.3,5
527,2,19,8,165,62.3636363636364,13.75,75,55,33,1,1,1,3.8,.7,4
527,2,19,8,165,62.3636363636364,13.75,75,55,33,2,1,2,3.7,.4,4.25
527,2,19,8,165,62.3636363636364,13.75,75,55,33,3,2,1,3.1,.6,4.5
527,2,19,8,165,62.3636363636364,13.75,75,55,33,4,2,2,3.5,.9,3.56
528,2,20,17,180.75,101.090909090909,21.3,67.5,55,38,1,1,1,2,.6,8
528,2,20,17,180.75,101.090909090909,21.3,67.5,55,38,2,1,2,2.3,.33,10
528,2,20,17,180.75,101.090909090909,21.3,67.5,55,38,3,2,1,2.6,.43,8
528,2,20,17,180.75,101.090909090909,21.3,67.5,55,38,4,2,2,2.4,.63,4.8
529,2,19,11,186.5,77.0227272727273,11.35,110,65,30,1,1,1,3.7,.5,9.2
529,2,19,11,186.5,77.0227272727273,11.35,110,65,30,2,1,2,4.7,.6,9
529,2,19,11,186.5,77.0227272727273,11.35,110,65,30,3,2,1,2.6,.8,7.5
529,2,19,11,186.5,77.0227272727273,11.35,110,65,30,4,2,2,4.1,.5,10
530,2,19,18,178,114.818181818182,33.1,92.5,75,34,1,1,1,3.1,.7,3.86
530,2,19,18,178,114.818181818182,33.1,92.5,75,34,2,1,2,4.3,.5,4.2
530,2,19,18,178,114.818181818182,33.1,92.5,75,34,3,2,1,3.1,.7,3.29
530,2,19,18,178,114.818181818182,33.1,92.5,75,34,4,2,2,3.3,.5,4.4
531,2,22,13,177.5,62.2272727272727,10.05,85,67.5,33,1,1,1,4.2,.7,4.43
531,2,22,13,177.5,62.2272727272727,10.05,85,67.5,33,2,1,2,5.2,.5,6.2
531,2,22,13,177.5,62.2272727272727,10.05,85,67.5,33,3,2,1,4,.7,5.86
531,2,22,13,177.5,62.2272727272727,10.05,85,67.5,33,4,2,2,5.2,.7,8.71
532,2,18,17,176.25,60.7727272727273,7.25,82.5,60,48,1,1,1,4.3,.7,3.43
532,2,18,17,176.25,60.7727272727273,7.25,82.5,60,48,2,1,2,5.4,.8,4
532,2,18,17,176.25,60.7727272727273,7.25,82.5,60,48,3,2,1,4.4,.1,3
532,2,18,17,176.25,60.7727272727273,7.25,82.5,60,48,4,2,2,4.9,.7,2.43
533,2,27,20,175.95,74.9090909090909,15.6,120,140,41,1,1,1,4.5,.7,3.57
533,2,27,20,175.95,74.9090909090909,15.6,120,140,41,2,1,2,4.9,.8,3.5
533,2,27,20,175.95,74.9090909090909,15.6,120,140,41,3,2,1,4,.4,3
533,2,27,20,175.95,74.9090909090909,15.6,120,140,41,4,2,2,4.5,.6,3.67
534,2,24,11,179,76.1363636363636,15.55,95,60,29,1,1,1,4.1,.4,4.25
534,2,24,11,179,76.1363636363636,15.55,95,60,29,2,1,2,2.9,.6,5.67
534,2,24,11,179,76.1363636363636,15.55,95,60,29,3,2,1,3,.7,4.71
534,2,24,11,179,76.1363636363636,15.55,95,60,29,4,2,2,3.1,.6,5
